﻿pos_x,pos_y,rotation,side,designator,mpn,pack,footprint,value,mount_type
145.85,-98.43,-90.0,top,C1,,,CAPC340180_88N_KEM-L,100nF,smt
153.05,-109.73,0.0,top,C10,,,CAPC340180_88N_KEM-L,22pF,smt
140.85,-103.38,0.0,top,C11,,,CAPC340180_88N_KEM-L,100nF,smt
154.65,-107.48,0.0,top,C2,,,CAPC340180_88N_KEM-L,100nF,smt
155.2,-89.45,90.0,top,C3,,,CAPC340180_88N_KEM-L,100nF,smt
163.3,-96.75,90.0,top,C4,,,CAPC340180_88N_KEM-L,100nF,smt
163.3,-101.35,-90.0,top,C5,,,CAPC340180_88N_KEM-L,100nF,smt
136.55,-109.23,180.0,top,C9,,,CAPC340180_88N_KEM-L,22pF,smt
170.95,-104.3,90.0,top,CON1,,,CONN10_302-S101_OST,302-S101,tht
117.5,-98.65,-90.0,top,J1,,,GCT_USB4085-GF-A_REVB,USB4085-GF-A_REVB,tht
151.35,-90.1,180.0,top,LED1,,,LED_RED_0805,LTST-C171KRKT,smt
124.7,-103.0,0.0,top,R1,,,RC0805N_YAG-L,5.1k,smt
124.8,-94.3,0.0,top,R2,,,RC0805N_YAG-L,5.1k,smt
147.2,-90.05,0.0,top,R6,,,R_0805_2012Metric_Pad1.20x1.40mm_HandSolder,330,smt
123.4875,-108.23,0.0,top,R7,,,R_2010_5025Metric,10k,smt
128.8,-113.98,0.0,top,S1,PTS526SM15SMTR2 LFS,,small_button,PTS526SM15SMTR2_LFS,smt
154.4,-98.85,0.0,top,U1,,,44A_ATM,ATMEGA1284P-AU,smt
134.25,-100.48,180.0,top,U4,,,USB2.0 Serial,FT231XS-U,smt
144.55,-109.23,0.0,top,Y1,ABLS7M2-16.000MHZ-D2Y-T,,Crystal 16MHz,Crystal 16.MHZ,smt
