﻿Designator,Quantity,Value,Footprint,Package,MPN,DNP,Mount_Type,Description,part_number,PARTREV,STANDARD,SNAPEDA_PN,MAXIMUM_PACKAGE_HEIGHT,MANUFACTURER,Height,Mouser Part Number,Mouser Price/Stock,Manufacturer_Name,SNAPEDA_PACKAGE_ID
"C1, C11, C2, C3, C4, C5",6,100nF,CAPC340180_88N_KEM-L,,,,smt,1206 100nF CAP,C1206C104K5RACTU,,,,,,,,,,
"C10, C9",2,22pF,CAPC340180_88N_KEM-L,,,,smt,1206 100nF CAP,C1206C104K5RACTU,,,,,,,,,,
CON1,1,302-S101,CONN10_302-S101_OST,,,,tht,10 pin header,,,,,,,,,,,
J1,1,USB4085-GF-A_REVB,GCT_USB4085-GF-A_REVB,,,,tht,USB-C,,B,Manufacturer Recommendations,USB4085-GF-A,3.16mm,Global Connector Technology,,,,,
LED1,1,LTST-C171KRKT,LED_RED_0805,,,,smt,Red 631nm LED Indication - Discrete 2V 0805 (2012 Metric),,,,,,,,,,,
"PA0_2-IN1, PA1_5-IN1, PA2_7-IN1, PA3_9-IN1, PA4_13-OUT1, PA5_16-OUT1, PB3_14-OUT1, PB4_12-OUT1, PD6_18-OUT1, PD7_20-OUT1",10,TestPoint,TestPoint_Pad_2.0x2.0mm,,,,tht,test point,,,,,,,,,,,
"R1, R2",2,5.1k,RC0805N_YAG-L,,,,smt,5.1k resistor 0805,,,,,,,,,,,
R6,1,330,R_0805_2012Metric_Pad1.20x1.40mm_HandSolder,,,,smt,,,,,,,,,,,,
R7,1,10k,R_2010_5025Metric,,,,smt,"Resistor, small US symbol",,,,,,,,,,,
S1,1,PTS526SM15SMTR2_LFS,small_button,,PTS526SM15SMTR2 LFS,,smt,"Tactile Switches 50mA 12VDC, 5.2x5.2mm, 1.5mm H, 160gf, G leads, No ground pin, metal actuator",,,,,,,1.65,611-PTS526SM15SMTR2L,https://www.mouser.co.uk/ProductDetail/CK/PTS526SM15SMTR2-LFS?qs=Imq1NPwxi75LpUh6FiCy2w%3D%3D,C & K COMPONENTS,
U1,1,ATMEGA1284P-AU,44A_ATM,,,,smt,,,,,,,,,,,,
U4,1,FT231XS-U,USB2.0 Serial,,,,smt,"USB Bridge, USB to UART USB 2.0 UART Interface 20-SSOP",,1.2,IPC-7351B,,,FTDI,,,,,5544
Y1,1,Crystal 16.MHZ,Crystal 16MHz,,ABLS7M2-16.000MHZ-D2Y-T,,smt,SMD MICROPROCESSOR CRYSTAL ABLS7M2-16.000MHZ-D2Y-T,,,,,,,2.3,815-ABLS7M216MHZD2YT,https://www.mouser.co.uk/ProductDetail/ABRACON/ABLS7M2-16.000MHZ-D2Y-T?qs=r5DSvlrkXmLBsAJ1cVK5MQ%3D%3D,ABRACON,
